text,label
"We reserve the right to change our fees at any time without prior notice to customers.",1
"You waive your right to participate in any class action lawsuit against us.",1
"We may sell your personal data to third-party advertisers and marketing companies.",1
"All disputes must be settled through mandatory binding arbitration.",1
"We may terminate your account at any time for any reason at our sole discretion.",1
"By using this service you agree to waive all rights to a jury trial.",1
"We reserve the right to modify these terms at any time without notification.",1
"Your continued use of the service constitutes acceptance of any changes we make.",1
"We may share your browsing history and usage data with our business partners.",1
"You agree to indemnify and hold us harmless from any and all claims arising from your use.",1
"We are not liable for any damages whatsoever including loss of data or profits.",1
"Arbitration must take place in our headquarters city at your own expense.",1
"We may automatically renew your subscription and charge your payment method without notice.",1
"You grant us an irrevocable perpetual license to use any content you submit.",1
"We reserve the right to suspend your account without prior warning or explanation.",1
"Any legal action must be filed within 30 days or your claim is permanently waived.",1
"We may collect and use your location data even when the app is not in use.",1
"You agree that we may change the pricing of your current plan at any time.",1
"We disclaim all warranties express or implied regarding the service.",1
"You waive any right to seek injunctive relief against us in any court.",1
"We may assign your contract to any third party without your consent.",1
"By accepting you agree to receive promotional communications which cannot be opted out.",1
"Any refunds are issued solely at our discretion and are not guaranteed.",1
"We reserve the right to delete your account and all associated data without notice.",1
"You agree that our total liability shall not exceed the amount you paid in the last month.",1
"We may monitor and record your communications on this platform without your knowledge.",1
"Late payments will incur a penalty fee of 25 percent per month compounded monthly.",1
"You agree not to bring any claims against us more than six months after the cause of action arises.",1
"We retain the right to use your likeness and name for promotional purposes indefinitely.",1
"You consent to jurisdiction in courts located exclusively in our home state regardless of where you reside.",1
"We may throttle or degrade your service quality at our discretion without refund.",1
"By signing up you automatically opt in to sharing your contacts and address book with us.",1
"We may change the features of your plan and reduce service levels without compensation.",1
"Your data may be transferred to countries with weaker data protection laws.",1
"You agree that we may terminate this agreement and retain any prepaid fees.",1
"We may use automated decision making including profiling that produces legal effects on you.",1
"Any disputes must be resolved individually and you cannot join a class arbitration.",1
"We may revoke your license to use the software at any time without refund.",1
"You agree that any negative reviews you post may result in account termination.",1
"We reserve the right to retroactively apply new terms to your existing agreement.",1
"Hidden charges may apply for features previously included in your subscription.",1
"We may lock you out of your account if we suspect any policy violation without investigation.",1
"You waive your right to receive notice before changes to these terms take effect.",1
"By using our app you consent to the collection of your biometric data.",1
"We hold no responsibility for unauthorized access to your personal information stored on our servers.",1
"Cancellation fees equal to the remaining months of your contract will apply.",1
"We may share your financial information with affiliated companies for marketing purposes.",1
"You agree that all intellectual property you create using our tools belongs to us.",1
"We reserve the right to limit your access to customer support at our discretion.",1
"Your silence or continued use after changes constitutes binding legal acceptance.",1
"We may access your camera and microphone at any time without explicit permission.",1
"You forfeit all unused credits or balances upon account termination.",1
"We may impose new restrictions on your use of previously available features.",1
"Your agreement to these terms is irrevocable and cannot be withdrawn after acceptance.",1
"We may disclose your personal data to law enforcement without a warrant or your consent.",1
"You agree to pay all collection costs and legal fees if your account becomes delinquent.",1
"We may unilaterally change the dispute resolution process at any time.",1
"By creating an account you consent to receiving automated phone calls and text messages.",1
"We are not responsible for any losses caused by service interruptions or downtime.",1
"You grant us the right to sublicense your content to any third party worldwide.",1
"We may require you to accept new terms before accessing your existing data.",1
"Your account may be charged for services you did not explicitly request or authorize.",1
"We may restrict or remove features from your plan without adjusting your price.",1
"You agree that we may use your personal data for training our artificial intelligence models.",1
"We reserve the right to ban your account permanently without providing a reason.",1
"Any unused portion of a free trial will be forfeited if you cancel early.",1
"We may change the terms of your warranty or guarantee after your purchase.",1
"You waive all moral rights in any content you upload or submit to our platform.",1
"We may retain your data indefinitely even after you close your account.",1
"Your personal data may be shared with our parent company and all subsidiaries without separate consent.",1
"We may insert advertisements into your content or communications without notice.",1
"You agree that any breach of these terms will result in immediate account termination without refund.",1
"We may use tracking technologies across third party websites to build a profile about you.",1
"Your acceptance of these terms extends to all future versions and amendments.",1
"We may suspend your access to paid features during billing disputes.",1
"You agree to resolve all disputes in a jurisdiction that may be inconvenient for you.",1
"We may charge your stored payment method for outstanding fees without prior authorization.",1
"Your right to use the service is conditional on maintaining a minimum spending level.",1
"We may downgrade your account tier without notice if we change our business model.",1
"You agree to release us from all liability related to data breaches and security incidents.",1
"We may limit the number of times you can contact customer support per month.",1
"Your contributions to our community forums become our exclusive property.",1
"We may permanently delete your data 30 days after account suspension without prior notice.",1
"You agree that we bear no responsibility if our service causes damage to your device.",1
"We may require mandatory software updates that change the functionality you rely on.",1
"Your subscription automatically converts to a higher priced tier after the promotional period.",1
"We may decline to process your data deletion request if we determine it is not valid.",1
"You agree that we may track your offline purchases and in-store activity.",1
"We reserve the right to prevent you from exporting your data in any format.",1
"Your children personal data may be collected if they access your account.",1
"We may use your content for commercial purposes including advertising without compensation to you.",1
"You agree that our failure to enforce any provision does not waive our right to enforce it later at our sole discretion.",1
"We may blacklist your device and prevent you from creating new accounts.",1
"Your email address may be shared with partner companies for cross-promotional purposes.",1
"We may slow down your connection speed if you exceed undisclosed usage limits.",1
"You agree that AI-generated decisions about your account are final and not subject to human review.",1
"We reserve the right to discontinue the service entirely without offering refunds for prepaid amounts.",1
"Your refund request may be denied if not submitted through our proprietary claims portal.",1
"We may store your voice recordings and biometric data on servers outside your country.",1
"You agree that your data can be used in anonymized form for any purpose including resale.",1
"We may block access to your own uploaded content if your subscription lapses.",1
"Your account information including purchase history may be visible to other users by default.",1
"We may revoke previously granted permissions or access levels without justification.",1
"You agree to binding arbitration conducted by an arbitrator selected solely by the company.",1
"We may increase the price of your subscription mid-cycle and charge the new rate immediately.",1
"Your personal information may be used to create targeted political advertising profiles.",1
"We reserve the right to withhold your funds or credits for up to 180 days.",1
"You agree that failure to opt out within 7 days constitutes permanent acceptance of all terms.",1
"We may combine your data with information purchased from data brokers.",1
"Your privacy is important to us and we are committed to protecting your personal information.",0
"Users can cancel their subscription at any time through the settings menu.",0
"We do not track your location data or browsing history.",0
"You can download and delete all your personal data from your account dashboard.",0
"We will notify you by email at least 30 days before any changes to our pricing.",0
"Our support team is available 24 hours a day 7 days a week to assist you.",0
"We use industry standard encryption to protect your data during transmission.",0
"You retain full ownership of all content you create and upload to our platform.",0
"We offer a full refund within 30 days of purchase if you are not satisfied.",0
"Your account data is backed up daily and can be restored at any time.",0
"We will never sell your personal information to third parties.",0
"You can opt out of marketing emails at any time using the unsubscribe link.",0
"We provide transparent billing with no hidden fees or charges.",0
"Our service is compliant with GDPR and other international data protection regulations.",0
"You can export all your data in standard formats at any time.",0
"We notify users promptly in the event of a data breach affecting their information.",0
"Disputes can be resolved through mediation before any formal legal proceedings.",0
"We offer a free tier with no credit card required and no automatic upgrades.",0
"Your payment information is securely processed and never stored on our servers.",0
"We provide clear and easy to understand explanations of how we use your data.",0
"You can manage your privacy settings and control what information is shared.",0
"We allow you to close your account and request permanent deletion of all your data.",0
"Our terms of service are written in plain language for easy understanding.",0
"We will give you reasonable notice before discontinuing any features you use.",0
"You can contact our data protection officer directly with any privacy concerns.",0
"We regularly audit our security practices and publish transparency reports.",0
"Users are free to use the service on multiple devices with a single account.",0
"We do not use dark patterns or misleading design to trick users into actions.",0
"Price changes will only affect new billing cycles and existing plans are honored.",0
"We provide a detailed changelog whenever our terms of service are updated.",0
"Your feedback is valued and helps us improve the service for everyone.",0
"We comply with the California Consumer Privacy Act and respect your data rights.",0
"You can pause your subscription at any time and resume when you are ready.",0
"We do not engage in price discrimination based on user location or behavior.",0
"All user data is stored on servers located in jurisdictions with strong privacy laws.",0
"We offer parental controls and special protections for accounts belonging to minors.",0
"You will always be informed before any automatic charges are made to your account.",0
"We honor refund requests for any unused portion of your subscription period.",0
"Our privacy policy clearly explains what data we collect and why we collect it.",0
"We provide two factor authentication and other security features at no extra cost.",0
"Users can review and edit their personal information at any time in their profile.",0
"We limit data retention to only what is necessary for providing the service.",0
"You are free to share your honest opinion about our service without penalty.",0
"We provide accessible customer support through multiple channels including phone and chat.",0
"Account holders can authorize and revoke access for third party applications at any time.",0
"We will work with you to resolve any billing discrepancies fairly and promptly.",0
"Our mobile app requires only the minimum permissions necessary for core functionality.",0
"We maintain a public bug bounty program to improve the security of our platform.",0
"This agreement is governed by the laws of your country of residence.",0
"We provide clear instructions on how to exercise your data subject rights.",0
"Users may transfer their account and data to another person with mutual consent.",0
"We conduct regular privacy impact assessments to minimize risks to your data.",0
"You have the right to request a human review of any automated decisions about your account.",0
"We use anonymization and pseudonymization techniques to protect your identity.",0
"Our pricing is clearly displayed and does not include any hidden surcharges.",0
"We support open data standards and allow easy migration to competing services.",0
"You can choose which optional data to share and change your mind at any time.",0
"We provide detailed invoices and receipts for all transactions on your account.",0
"Our service works offline and does not require constant internet connectivity.",0
"We commit to responding to all support requests within 24 business hours.",0
"Users can set up alerts and notifications according to their own preferences.",0
"We do not use your content for advertising without your explicit written consent.",0
"Our billing cycle is transparent and you can see upcoming charges in advance.",0
"We follow responsible disclosure practices for security vulnerabilities.",0
"You can set spending limits and budget controls on your account.",0
"We provide multilingual support to serve our diverse user base.",0
"Our data processing agreements are available for review before you sign up.",0
"You can request a detailed report of all data we hold about you.",0
"We support industry standard authentication protocols for enterprise users.",0
"Our service level agreements guarantee minimum uptime and performance standards.",0
"We do not share your data with government agencies without a valid legal order.",0
"You can configure automatic backups and choose your data retention period.",0
"We actively work to make our service accessible to users with disabilities.",0
"Our API is well documented and free to use for integrating with other services.",0
"We proactively notify you of any suspicious activity on your account.",0
"You can choose to participate in beta features without affecting your stable experience.",0
"We clearly separate required and optional data collection during sign-up.",0
"Our refund process is simple and does not require contacting customer support.",0
"We use secure and certified payment processors that comply with PCI standards.",0
"You can deactivate your account temporarily without losing any data or settings.",0
"We maintain clear and accessible documentation about our data handling practices.",0
"Our team undergoes regular training on data privacy and security best practices.",0
"You can choose your preferred method of communication for account notifications.",0
"We offer educational resources to help you understand and manage your digital privacy.",0
"Our platform provides real-time status updates so you always know the state of the service.",0
"We clearly label sponsored content and distinguish it from organic content.",0
"You can report any concerns about data handling and we will investigate promptly.",0
"We use end to end encryption for all private messages and communications.",0
"Our service does not require you to agree to terms that contradict local consumer protection laws.",0
"You maintain full control over who can see your profile and personal information.",0
"We provide sandbox environments for testing without affecting your production data.",0
"Our cancellation process is straightforward and can be completed in two clicks.",0
"We give you a grace period after missed payments before taking any account action.",0
"You can review all third parties that have access to your data through our partner dashboard.",0
"We publish regular reports about how user data requests from authorities are handled.",0
"Our support articles are comprehensive and regularly updated to reflect current features.",0
"You are notified immediately if your account credentials may have been compromised.",0
"We do not retroactively apply terms or conditions to existing users without consent.",0
"You can download a portable copy of all content you have created on our platform.",0
"We offer flexible payment options including monthly and annual billing with no lock-in.",0
"Our product roadmap is public and shaped by community feedback and feature requests.",0
"You have the right to withdraw consent for specific data processing activities at any time.",0
"We keep your financial data separate from your usage data for enhanced security.",0
"You waive your right to a class action lawsuit.",1
"All disputes must be settled through forced arbitration.",1
"We may terminate your account for any reason.",1
"We may sell your data to third parties.",1
"You waive all class action rights by using this service.",1
"Forced arbitration is required for all disputes.",1
"We can terminate your account without giving any reason.",1
"Your data will be sold to advertisers.",1
"You cannot sue us in a court of law.",1
"We will share your information with marketing partners.",1
"Arbitration is mandatory and binding on all users.",1
"We can cancel your membership at our sole discretion.",1
"Your information may be shared without your knowledge.",1
"You give up the right to a jury trial.",1
"We can change the price without telling you.",1
"You waive the right to bring a class action.",1
"We can delete your account without warning.",1
"Your data may be sold to the highest bidder.",1
"We are not responsible for any loss you experience.",1
"You cannot opt out of data sharing.",1
"We may charge hidden fees at any time.",1
"Your content becomes our property when uploaded.",1
"We can modify the agreement without your approval.",1
"Dispute resolution is limited to arbitration only.",1
"We can suspend your account for any reason whatsoever.",1
"You agree to mandatory data collection.",1
"We disclaim all liability for damages.",1
"Cancellation will result in loss of all data.",1
"We may track your activity across the internet.",1
"You surrender your right to a refund.",1
"We can raise prices without prior notification.",1
"Your personal data may be transferred overseas.",1
"We have no obligation to protect your data.",1
"You agree we can use your photos for ads.",1
"All your uploaded content belongs to us permanently.",1
"We can lock your account at any time.",1
"Your private messages may be read by our staff.",1
"You must waive all rights to sue.",1
"We can revoke access without explanation.",1
"Auto-renewal cannot be cancelled.",1
"We will charge a fee if you dispute a payment.",1
"Your location is tracked at all times.",1
"We can use your data for any purpose we choose.",1
"Refunds are never guaranteed under any circumstances.",1
"You cannot take legal action against us.",1
"We reserve the right to change anything at any time.",1
"Your account can be banned permanently without appeal.",1
"We may sell your browsing data to data brokers.",1
"You forfeit all rights upon account deletion.",1
"This service comes with no warranty of any kind.",0
"Please review the terms and conditions carefully before proceeding.",0
"We are committed to providing excellent customer service.",0
"Thank you for being a valued member of our community.",0
"Our team is dedicating to improving the platform every day.",0
"Welcome to our service and thank you for signing up.",0
"We appreciate your trust in using our product.",0
"For technical support please visit our help center.",0
"You may reach our team at the email address listed below.",0
"Our platform is designed to be simple and easy to use.",0
"We value your feedback and encourage you to share your thoughts.",0
"We are always looking for ways to better serve our customers.",0
"Account registration is free and takes only a few minutes.",0
"We are proud to serve millions of satisfied customers worldwide.",0
"Our application is available on iOS Android and web browsers.",0
"New features are added regularly based on user feedback.",0
"We have a dedicated security team working around the clock.",0
"Your satisfaction is our top priority.",0
"We encourage all users to enable two factor authentication.",0
"Our platform has been recognized for its commitment to privacy.",0
"We believe everyone deserves access to quality digital tools.",0
"You may update your profile information at any time in settings.",0
"We send important updates to your registered email address.",0
"Our team is available to help during business hours.",0
"We take your security seriously and invest in the latest protections.",0
"Please do not share your password with anyone.",0
"We encrypt all sensitive data stored on our servers.",0
"Your experience matters to us and we strive to make it great.",0
"We partner with trusted security firms to audit our systems.",0
"Our community guidelines are designed to keep everyone safe.",0
"We provide tools to help you manage your digital wellbeing.",0
"You can customize your notification preferences at any time.",0
"Our apps are regularly updated with bug fixes and improvements.",0
"We stand behind our product with a satisfaction guarantee.",0
"Users can invite friends to join the platform easily.",0
"Our documentation is available in multiple languages.",0
"We work hard to minimize service disruptions.",0
"Thank you for choosing to be part of our growing community.",0
"We offer tutorials and guides to help new users get started.",0
"Your subscription includes access to all standard features.",0
"We process all payments through secure certified gateways.",0
"Our pricing page clearly lists all available plans and features.",0
"We do not sell or rent your personal information.",0
"You can review your subscription details in your account page.",0
"We respect your inbox and only send relevant communications.",0
"Updates to our policies are communicated clearly and in advance.",0
"Your data is protected by enterprise grade security measures.",0
"We are transparent about our data collection and usage practices.",0
"Our goal is to provide a safe and productive environment for all users.",0
"You can manage connected apps and integrations from your dashboard.",0
"We are a certified B Corporation committed to social responsibility.",0
"Our infrastructure is hosted on reliable and secure cloud platforms.",0
"We are constantly developing new technologies and features to improve our services.",0
"As part of continual improvement we sometimes add or remove features and functionalities.",0
"We use artificial intelligence and machine learning to provide you with better translations.",0
"When a service requires downloadable software that software sometimes updates automatically on your device.",0
"Some services let you adjust your automatic update settings.",0
"If we make material changes that negatively impact your use we will provide you with reasonable advance notice.",0
"We will also provide you with an opportunity to export your content from your account.",0
"We may add or remove functionalities or features as part of our ongoing service improvements.",0
"We sometimes change or discontinue features but will give you notice in advance.",0
"If we stop offering a service we will give you reasonable advance notice and a chance to export your data.",0
"We may modify our services from time to time to improve performance and user experience.",0
"Changes to our service are made to provide a better experience for all users.",0
"We may update our software to fix bugs improve security and add new features.",0
"We sometimes limit certain features temporarily during scheduled maintenance periods.",0
"Service changes are communicated through our blog email and in-app notifications.",0
"We may remove features that are no longer being used by a significant number of users.",0
"We may change our pricing but existing subscribers will be grandfathered at their current rate.",0
"Our terms may be updated periodically and we will notify you of significant changes in advance.",0
"We reserve the right to improve and modify the service for the benefit of all users.",0
"We may stop offering certain services if they no longer serve our users needs.",0
"Your data remains protected even when we make changes to our infrastructure.",0
"We may transfer data between our data centers to improve reliability and speed.",0
"Feature updates are rolled out gradually and you can provide feedback during the process.",0
"We track anonymous usage statistics to understand which features are most valuable to users.",0
"We analyze aggregated data to identify and fix problems with our services.",0
"We may collect usage information to diagnose technical issues and improve performance.",0
"Our systems automatically scan content to provide security features like spam detection.",0
"We use cookies and similar technologies to improve the services we offer you.",0
"We may use your feedback and suggestions to improve our services without obligation to compensate.",0
"We process your data to provide maintain and improve our services as described in our privacy policy.",0
"Your data helps us develop new features that benefit all users of the platform.",0
"We may terminate accounts that have been inactive for an extended period after providing notice.",0
"We reserve the right to suspend accounts engaged in clearly illegal activity on our platform.",0
"If we terminate your account for policy violations we will explain the specific reason.",0
"We may limit access to certain features based on your geographic location due to local regulations.",0
"We restrict certain content types to comply with local laws and community standards.",0
"Changes to these terms become effective 30 days after we post the updated version.",0
"We may occasionally send you service announcements and administrative messages as part of our service.",0
"Your data may be processed in multiple countries but always in compliance with applicable privacy laws.",0
"We transfer your data between our global facilities using approved security frameworks.",0
"We share information with our affiliates to provide and improve our services.",0
"We provide information to our partners to help operate and improve the platform.",0
"We may release aggregated non-personal information publicly to show general trends about our services.",0
"Our services are designed for general audiences and we do not knowingly collect data from children.",0
"We will retain your information for as long as your account is active or as needed to provide services.",0
"We keep your data only as long as necessary to fulfill the purposes outlined in our privacy policy.",0
"We may change our privacy practices from time to time and will update this policy accordingly.",0
"We may refuse to process requests that are unreasonably repetitive or risk the privacy of others.",0
"We offer you ways to access update and delete your personal information where reasonably possible.",0
"Subject to applicable law we may charge a reasonable fee for access to your personal information.",0
"We may decline requests that are trivially repetitive require disproportionate effort or are already public.",0
"We aim to maintain our services in a manner that protects information from accidental destruction.",0
"After you delete information from our services we may not immediately delete copies from our servers.",0
"Some of our services allow you to submit content and you retain ownership of any intellectual property.",0
"We need your permission to host share and use your content as needed to provide the service.",0
"Our automated systems analyze your content to provide relevant product features.",0
"If you have a Google Account we may display your profile name and photo in our services.",0
"We want to maintain a respectful environment so we have community guidelines and policies.",0
"If we reasonably believe a term violates applicable law we will remove or restrict access to it.",0
